{
"lengthUnit": "mil",
"components": {
	"fields": ["COMPONENT_NO", "COMPONENT_NAME", "LAYER", "X_COORDINATE", "Y_COORDINATE", "ANGLE"],
	"rows": [
		[1, "C1", "T", 675, 565, 180],
		[2, "C2", "T", 875, 670, 0],
		[3, "C3", "T", 875, 750, 0],
		[4, "C6", "T", 1110, 340, 90],
		[5, "C9", "T", 3755, 940, 0],
		[6, "C10", "T", 3755, 1285, 0],
		[7, "C11", "T", 3630, 575, 270],
		[8, "C351", "T", 3630, 445, 270],
		[9, "C352", "T", 3885, 575, 270],
		[10, "C353", "T", 3710, 445, 270],
		[11, "C354", "T", 3800, 575, 270],
		[12, "C355", "T", 1320, 1350, 270],
		[13, "C356", "T", 1245, 1350, 270],
		[14, "C357", "T", 1170, 1350, 270],
		[15, "C358", "T", 1095, 1350, 270],
		[16, "C359", "T", 820, 365, 0],
		[17, "C360", "T", 820, 440, 0],
		[18, "C361", "T", 935, 365, 0],
		[19, "C362", "T", 935, 290, 0],
		[20, "C363", "T", 2755, 520, 270],
		[21, "C364", "T", 2405, 515, 270],
		[22, "C369", "T", 2505, 1535, 0],
		[23, "C370", "T", 2505, 1200, 0],
		[24, "C371", "T", 2505, 1450, 0],
		[25, "C372", "T", 2505, 1115, 0],
		[26, "C373", "T", 1215, 1710, 0],
		[27, "C374", "T", 1210, 1930, 0],
		[28, "C375", "T", 1215, 1635, 0],
		[29, "C376", "T", 1330, 1900, 90],
		[30, "C377", "T", 1340, 1675, 90],
		[31, "C378", "T", 1425, 1655, 90],
		[32, "C379", "T", 1505, 1655, 90],
		[33, "C380", "T", 1470, 1480, 180],
		[34, "C382", "T", 550, 1825, 270],
		[35, "C383", "T", 445, 1825, 270],
		[36, "C384", "T", 655, 1825, 270],
		[37, "C385", "T", 995, 1335, 270],
		[38, "C386", "T", 995, 1105, 90],
		[39, "C387", "T", 855, 1150, 0],
		[40, "C388", "T", 855, 1065, 0],
		[41, "C389", "T", 900, 1690, 0],
		[42, "CN1", "T", 314.96, 984.25, 270],
		[43, "D1", "T", 670, 380, 270],
		[44, "D2", "T", 620, 475, 0],
		[45, "D3", "T", 2675, 1435, 270],
		[46, "D5", "T", 885, 1565, 0],
		[47, "D6", "T", 530, 1565, 180],
		[48, "D7", "T", 885, 905, 90],
		[49, "H1", "T", 196.85, 196.85, 0],
		[50, "H2", "T", 196.85, 1771.65, 0],
		[51, "H3", "T", 3740.16, 1771.65, 0],
		[52, "H4", "T", 3740.16, 196.85, 0],
		[53, "H6", "T", 2640, 640, 90],
		[54, "H7", "T", 2515, 640, 90],
		[55, "H8", "T", 2125, 275, 0],
		[56, "H9", "T", 1950, 630, 180],
		[57, "H10", "T", 1950, 750, 180],
		[58, "H11", "T", 1520, 275, 180],
		[59, "H12", "T", 1510, 115, 180],
		[60, "H13", "T", 1270, 115, 90],
		[61, "H14", "T", 2275, 115, 180],
		[62, "H15", "T", 1925, 275, 0],
		[63, "H16", "T", 230, 440, 0],
		[64, "K1", "T", 3080, 1375, 270],
		[65, "L12", "T", 825, 1340, 270],
		[66, "LED1", "T", 3360, 1800, 270],
		[67, "LED%E7%99%BD", "T", 3005, 1660, 270],
		[68, "LED%E7%BA%A2", "T", 2925, 1665, 270],
		[69, "LED%E7%BB%BF", "T", 3090, 1660, 270],
		[70, "LED%E8%93%9D", "T", 3170, 1660, 270],
		[71, "Q1", "T", 1025, 95, 90],
		[72, "Q2", "T", 2675, 1250, 270],
		[73, "R1", "T", 915, 70, 270],
		[74, "R2", "T", 405, 70, 270],
		[75, "R4", "T", 990, 725, 90],
		[76, "R5", "T", 1050, 725, 90],
		[77, "R7", "T", 3005, 1535, 90],
		[78, "R8", "T", 3630, 940, 180],
		[79, "R9", "T", 3630, 1285, 180],
		[80, "R10", "T", 3710, 575, 270],
		[81, "R11", "T", 3170, 1535, 270],
		[82, "R12", "T", 3245, 1535, 90],
		[83, "R13", "T", 3315, 1535, 90],
		[84, "R14", "T", 3385, 1535, 90],
		[85, "R15", "T", 1055, 895, 270],
		[86, "R16", "T", 985, 895, 90],
		[87, "R17", "T", 1035, 340, 90],
		[88, "R18", "T", 2845, 1535, 90],
		[89, "R19", "T", 2710, 1110, 270],
		[90, "R20", "T", 2640, 1110, 90],
		[91, "R21", "T", 2515, 925, 270],
		[92, "R22", "T", 2640, 925, 270],
		[93, "R23", "T", 3090, 1535, 270],
		[94, "R24", "T", 2925, 1535, 270],
		[95, "R25", "T", 1470, 1555, 0],
		[96, "R28", "T", 1105, 1780, 270],
		[97, "R29", "T", 1105, 1900, 90],
		[98, "SW1", "T", 3700, 1110, 0],
		[99, "SW2", "T", 3695, 1460, 0],
		[100, "SW3", "T", 3700, 770, 0],
		[101, "U31", "T", 3840, 440, 270],
		[102, "U34", "T", 1210, 1175, 90],
		[103, "U36", "T", 1210, 830, 270],
		[104, "U37", "T", 1000, 505, 270],
		[105, "U38", "T", 2845, 1660, 270],
		[106, "U39", "T", 3315, 310, 0],
		[107, "U40", "T", 2505, 1326.18, 180],
		[108, "U41", "T", 1968.5, 1320, 270],
		[109, "U42", "T", 1215, 1820, 180],
		[110, "U43", "T", 900, 1840, 90],
		[111, "USB1", "T", 655, 195, 0]
	]
},
"pins": {
	"fields": ["PIN_NO", "PIN_NAME", "PIN_X", "PIN_Y", "LAYER", "PIN_TYPE", "NET_NAME", "NET_TYPE", "PAD_SHAPE", "PAD_SIZEX", "PAD_SIZEY", "HOLE_SIZE", "PAD_ANGLE"],
	"rows": [
		[1, "C1_1", 714.37, 565, "T", "SMD", "+5V", "", "R", 55.51, 53.15, 0, 180],
		[2, "C1_2", 635.63, 565, "T", "SMD", "GND", "GND", "R", 55.51, 53.15, 0, 180],
		[3, "C2_1", 847.44, 670, "T", "SMD", "+5V", "", "R", 31.5, 35.43, 0, 0],
		[4, "C2_2", 902.56, 670, "T", "SMD", "GND", "GND", "R", 31.5, 35.43, 0, 0],
		[5, "C3_1", 847.44, 750, "T", "SMD", "+5V", "", "R", 31.5, 35.43, 0, 0],
		[6, "C3_2", 902.56, 750, "T", "SMD", "GND", "GND", "R", 31.5, 35.43, 0, 0],
		[7, "C6_1", 1110, 312.44, "T", "SMD", "GND", "GND", "R", 31.5, 35.43, 0, 90],
		[8, "C6_2", 1110, 367.56, "T", "SMD", "$1N8585", "", "R", 31.5, 35.43, 0, 90],
		[9, "C9_1", 3727.44, 940, "T", "SMD", "SW", "", "R", 31.5, 35.43, 0, 0],
		[10, "C9_2", 3782.56, 940, "T", "SMD", "GND", "GND", "R", 31.5, 35.43, 0, 0],
		[11, "C10_1", 3727.44, 1285, "T", "SMD", "EN", "", "R", 31.5, 35.43, 0, 0],
		[12, "C10_2", 3782.56, 1285, "T", "SMD", "GND", "GND", "R", 31.5, 35.43, 0, 0],
		[13, "C11_1", 3630, 602.56, "T", "SMD", "IO0", "", "R", 31.5, 35.43, 0, 270],
		[14, "C11_2", 3630, 547.44, "T", "SMD", "GND", "GND", "R", 31.5, 35.43, 0, 270],
		[15, "C351_1", 3630, 472.56, "T", "SMD", "GND", "GND", "R", 31.5, 35.43, 0, 270],
		[16, "C351_2", 3630, 417.44, "T", "SMD", "+5V", "", "R", 31.5, 35.43, 0, 270],
		[17, "C352_1", 3885, 602.56, "T", "SMD", "GND", "GND", "R", 31.5, 35.43, 0, 270],
		[18, "C352_2", 3885, 547.44, "T", "SMD", "3V3", "", "R", 31.5, 35.43, 0, 270],
		[19, "C353_1", 3710, 472.56, "T", "SMD", "GND", "GND", "R", 31.5, 35.43, 0, 270],
		[20, "C353_2", 3710, 417.44, "T", "SMD", "+5V", "", "R", 31.5, 35.43, 0, 270],
		[21, "C354_1", 3800, 602.56, "T", "SMD", "GND", "GND", "R", 31.5, 35.43, 0, 270],
		[22, "C354_2", 3800, 547.44, "T", "SMD", "3V3", "", "R", 31.5, 35.43, 0, 270],
		[23, "C355_1", 1320, 1377.56, "T", "SMD", "GND", "GND", "R", 31.5, 35.43, 0, 270],
		[24, "C355_2", 1320, 1322.44, "T", "SMD", "+5V", "", "R", 31.5, 35.43, 0, 270],
		[25, "C356_1", 1245, 1377.56, "T", "SMD", "GND", "GND", "R", 31.5, 35.43, 0, 270],
		[26, "C356_2", 1245, 1322.44, "T", "SMD", "+5V", "", "R", 31.5, 35.43, 0, 270],
		[27, "C357_1", 1170, 1377.56, "T", "SMD", "GND", "GND", "R", 31.5, 35.43, 0, 270],
		[28, "C357_2", 1170, 1322.44, "T", "SMD", "3V3", "", "R", 31.5, 35.43, 0, 270],
		[29, "C358_1", 1095, 1377.56, "T", "SMD", "GND", "GND", "R", 31.5, 35.43, 0, 270],
		[30, "C358_2", 1095, 1322.44, "T", "SMD", "3V3", "", "R", 31.5, 35.43, 0, 270],
		[31, "C359_1", 792.44, 365, "T", "SMD", "GND", "GND", "R", 31.5, 35.43, 0, 0],
		[32, "C359_2", 847.56, 365, "T", "SMD", "VDD", "", "R", 31.5, 35.43, 0, 0],
		[33, "C360_1", 792.44, 440, "T", "SMD", "GND", "GND", "R", 31.5, 35.43, 0, 0],
		[34, "C360_2", 847.56, 440, "T", "SMD", "VDD", "", "R", 31.5, 35.43, 0, 0],
		[35, "C361_1", 907.44, 365, "T", "SMD", "GND", "GND", "R", 31.5, 35.43, 0, 0],
		[36, "C361_2", 962.56, 365, "T", "SMD", "+5V", "", "R", 31.5, 35.43, 0, 0],
		[37, "C362_1", 907.44, 290, "T", "SMD", "GND", "GND", "R", 31.5, 35.43, 0, 0],
		[38, "C362_2", 962.56, 290, "T", "SMD", "+5V", "", "R", 31.5, 35.43, 0, 0],
		[39, "C363_1", 2755, 559.37, "T", "SMD", "3.3_SENSOR", "", "R", 55.51, 53.15, 0, 270],
		[40, "C363_2", 2755, 480.63, "T", "SMD", "GND", "GND", "R", 55.51, 53.15, 0, 270],
		[41, "C364_1", 2405, 554.37, "T", "SMD", "3.3_SENSOR", "", "R", 55.51, 53.15, 0, 270],
		[42, "C364_2", 2405, 475.63, "T", "SMD", "GND", "GND", "R", 55.51, 53.15, 0, 270],
		[43, "C369_1", 2477.44, 1535, "T", "SMD", "GND", "GND", "R", 31.5, 35.43, 0, 0],
		[44, "C369_2", 2532.56, 1535, "T", "SMD", "+5V", "", "R", 31.5, 35.43, 0, 0],
		[45, "C370_1", 2477.44, 1200, "T", "SMD", "GND", "GND", "R", 31.5, 35.43, 0, 0],
		[46, "C370_2", 2532.56, 1200, "T", "SMD", "3.3_SENSOR", "", "R", 31.5, 35.43, 0, 0],
		[47, "C371_1", 2477.44, 1450, "T", "SMD", "GND", "GND", "R", 31.5, 35.43, 0, 0],
		[48, "C371_2", 2532.56, 1450, "T", "SMD", "+5V", "", "R", 31.5, 35.43, 0, 0],
		[49, "C372_1", 2477.44, 1115, "T", "SMD", "GND", "GND", "R", 31.5, 35.43, 0, 0],
		[50, "C372_2", 2532.56, 1115, "T", "SMD", "3.3_SENSOR", "", "R", 31.5, 35.43, 0, 0],
		[51, "C373_1", 1187.44, 1710, "T", "SMD", "GND", "GND", "R", 31.5, 35.43, 0, 0],
		[52, "C373_2", 1242.56, 1710, "T", "SMD", "3V3_POWER", "", "R", 31.5, 35.43, 0, 0],
		[53, "C374_1", 1182.44, 1930, "T", "SMD", "GND", "GND", "R", 31.5, 35.43, 0, 0],
		[54, "C374_2", 1237.56, 1930, "T", "SMD", "+5V", "", "R", 31.5, 35.43, 0, 0],
		[55, "C375_1", 1187.44, 1635, "T", "SMD", "GND", "GND", "R", 31.5, 35.43, 0, 0],
		[56, "C375_2", 1242.56, 1635, "T", "SMD", "3V3_POWER", "", "R", 31.5, 35.43, 0, 0],
		[57, "C376_1", 1330, 1872.44, "T", "SMD", "GND", "GND", "R", 31.5, 35.43, 0, 90],
		[58, "C376_2", 1330, 1927.56, "T", "SMD", "+5V", "", "R", 31.5, 35.43, 0, 90],
		[59, "C377_1", 1340, 1635.63, "T", "SMD", "3V3_POWER", "", "R", 55.51, 53.15, 0, 90],
		[60, "C377_2", 1340, 1714.37, "T", "SMD", "GND", "GND", "R", 55.51, 53.15, 0, 90],
		[61, "C378_1", 1425, 1627.44, "T", "SMD", "3V3_POWER", "", "R", 31.5, 35.43, 0, 90],
		[62, "C378_2", 1425, 1682.56, "T", "SMD", "GND", "GND", "R", 31.5, 35.43, 0, 90],
		[63, "C379_1", 1505, 1627.44, "T", "SMD", "3V3_POWER", "", "R", 31.5, 35.43, 0, 90],
		[64, "C379_2", 1505, 1682.56, "T", "SMD", "GND", "GND", "R", 31.5, 35.43, 0, 90],
		[65, "C380_1", 1497.56, 1480, "T", "SMD", "EN", "", "R", 31.5, 35.43, 0, 180],
		[66, "C380_2", 1442.44, 1480, "T", "SMD", "GND", "GND", "R", 31.5, 35.43, 0, 180],
		[67, "C382_1", 550, 1887.7, "T", "SMD", "GND", "GND", "R", 58.47, 68.03, 0, 270],
		[68, "C382_2", 550, 1762.3, "T", "SMD", "VCC", "", "R", 58.47, 68.03, 0, 270],
		[69, "C383_1", 445, 1887.7, "T", "SMD", "GND", "GND", "R", 58.47, 68.03, 0, 270],
		[70, "C383_2", 445, 1762.3, "T", "SMD", "VCC", "", "R", 58.47, 68.03, 0, 270],
		[71, "C384_1", 655, 1887.7, "T", "SMD", "GND", "GND", "R", 58.47, 68.03, 0, 270],
		[72, "C384_2", 655, 1762.3, "T", "SMD", "VCC", "", "R", 58.47, 68.03, 0, 270],
		[73, "C385_1", 995, 1397.7, "T", "SMD", "GND", "GND", "R", 58.47, 68.03, 0, 270],
		[74, "C385_2", 995, 1272.3, "T", "SMD", "$1N13751", "", "R", 58.47, 68.03, 0, 270],
		[75, "C386_1", 995, 1065.63, "T", "SMD", "GND", "GND", "R", 55.51, 53.15, 0, 90],
		[76, "C386_2", 995, 1144.37, "T", "SMD", "$1N13751", "", "R", 55.51, 53.15, 0, 90],
		[77, "C387_1", 827.44, 1150, "T", "SMD", "GND", "GND", "R", 31.5, 35.43, 0, 0],
		[78, "C387_2", 882.56, 1150, "T", "SMD", "$1N13751", "", "R", 31.5, 35.43, 0, 0],
		[79, "C388_1", 827.44, 1065, "T", "SMD", "GND", "GND", "R", 31.5, 35.43, 0, 0],
		[80, "C388_2", 882.56, 1065, "T", "SMD", "$1N13751", "", "R", 31.5, 35.43, 0, 0],
		[81, "C389_1", 872.44, 1690, "T", "SMD", "$1N13650", "", "R", 31.5, 35.43, 0, 0],
		[82, "C389_2", 927.56, 1690, "T", "SMD", "$1N13789", "", "R", 31.5, 35.43, 0, 0],
		[83, "CN1_1", 216.54, 1328.74, "T", "DIP", "VCC", "", "C", 74.8, 74.8, 47.24, 270],
		[84, "CN1_1", 216.54, 1328.74, "B", "DIP", "VCC", "", "C", 74.8, 74.8, 47.24, 270],
		[85, "CN1_1", 413.39, 1328.74, "T", "DIP", "VCC", "", "C", 74.8, 74.8, 47.24, 270],
		[86, "CN1_1", 413.39, 1328.74, "B", "DIP", "VCC", "", "C", 74.8, 74.8, 47.24, 270],
		[87, "CN1_2", 216.54, 1190.95, "T", "DIP", "GND", "GND", "C", 74.8, 74.8, 47.24, 270],
		[88, "CN1_2", 216.54, 1190.95, "B", "DIP", "GND", "GND", "C", 74.8, 74.8, 47.24, 270],
		[89, "CN1_2", 413.39, 1190.95, "T", "DIP", "GND", "GND", "C", 74.8, 74.8, 47.24, 270],
		[90, "CN1_2", 413.39, 1190.95, "B", "DIP", "GND", "GND", "C", 74.8, 74.8, 47.24, 270],
		[91, "CN1_3", 216.54, 1053.15, "T", "DIP", "CAN_H", "", "C", 74.8, 74.8, 47.24, 270],
		[92, "CN1_3", 216.54, 1053.15, "B", "DIP", "CAN_H", "", "C", 74.8, 74.8, 47.24, 270],
		[93, "CN1_3", 413.39, 1053.15, "T", "DIP", "CAN_H", "", "C", 74.8, 74.8, 47.24, 270],
		[94, "CN1_3", 413.39, 1053.15, "B", "DIP", "CAN_H", "", "C", 74.8, 74.8, 47.24, 270],
		[95, "CN1_4", 216.54, 915.36, "T", "DIP", "CAN_L", "", "C", 74.8, 74.8, 47.24, 270],
		[96, "CN1_4", 216.54, 915.36, "B", "DIP", "CAN_L", "", "C", 74.8, 74.8, 47.24, 270],
		[97, "CN1_4", 413.39, 915.36, "T", "DIP", "CAN_L", "", "C", 74.8, 74.8, 47.24, 270],
		[98, "CN1_4", 413.39, 915.36, "B", "DIP", "CAN_L", "", "C", 74.8, 74.8, 47.24, 270],
		[99, "CN1_5", 216.54, 777.56, "T", "DIP", "CAN_H", "", "C", 74.8, 74.8, 47.24, 270],
		[100, "CN1_5", 216.54, 777.56, "B", "DIP", "CAN_H", "", "C", 74.8, 74.8, 47.24, 270],
		[101, "CN1_5", 413.39, 777.56, "T", "DIP", "CAN_H", "", "C", 74.8, 74.8, 47.24, 270],
		[102, "CN1_5", 413.39, 777.56, "B", "DIP", "CAN_H", "", "C", 74.8, 74.8, 47.24, 270],
		[103, "CN1_6", 216.54, 639.77, "T", "DIP", "CAN_L", "", "C", 74.8, 74.8, 47.24, 270],
		[104, "CN1_6", 216.54, 639.77, "B", "DIP", "CAN_L", "", "C", 74.8, 74.8, 47.24, 270],
		[105, "CN1_6", 413.39, 639.77, "T", "DIP", "CAN_L", "", "C", 74.8, 74.8, 47.24, 270],
		[106, "CN1_6", 413.39, 639.77, "B", "DIP", "CAN_L", "", "C", 74.8, 74.8, 47.24, 270],
		[107, "D1_1", 640.47, 399.69, "T", "SMD", "DP", "", "R", 11.81, 19.68, 0, 270],
		[108, "D1_2", 640.47, 380, "T", "SMD", "GND", "GND", "R", 11.81, 19.68, 0, 270],
		[109, "D1_3", 640.47, 360.31, "T", "SMD", "DN", "", "R", 11.81, 19.68, 0, 270],
		[110, "D1_4", 699.53, 360.31, "T", "SMD", "$1N1005", "", "R", 11.81, 19.68, 0, 270],
		[111, "D1_5", 699.53, 380, "T", "SMD", "+5V", "", "R", 11.81, 19.68, 0, 270],
		[112, "D1_6", 699.53, 399.69, "T", "SMD", "$1N1016", "", "R", 11.81, 19.68, 0, 270],
		[113, "D2_1", 556.61, 475, "T", "SMD", "USB5V", "", "R", 34.65, 37.8, 0, 180],
		[114, "D2_2", 683.39, 475, "T", "SMD", "+5V", "", "R", 34.65, 37.8, 0, 180],
		[115, "D3_1", 2675, 1504.49, "T", "SMD", "+5V", "", "R", 56.69, 63.78, 0, 270],
		[116, "D3_2", 2675, 1365.51, "T", "SMD", "$1N9240", "", "R", 56.69, 63.78, 0, 270],
		[117, "D5_1", 792.06, 1565, "T", "SMD", "$1N13650", "", "R", 80.61, 86.31, 0, 0],
		[118, "D5_2", 977.94, 1565, "T", "SMD", "GND", "GND", "R", 80.61, 86.31, 0, 0],
		[119, "D6_1", 617, 1565, "T", "SMD", "GND", "GND", "R", 85, 108, 0, 180],
		[120, "D6_2", 443, 1565, "T", "SMD", "VCC", "", "R", 85, 108, 0, 180],
		[121, "D7_1", 885, 836.69, "T", "SMD", "+5V", "", "R", 55.12, 47.24, 0, 90],
		[122, "D7_2", 885, 973.31, "T", "SMD", "$1N13751", "", "R", 55.12, 47.24, 0, 90],
		[123, "H1_1", 102.36, 196.85, "T", "DIP", "GND", "GND", "C", 31.5, 31.5, 19.69, 0],
		[124, "H1_1", 102.36, 196.85, "B", "DIP", "GND", "GND", "C", 31.5, 31.5, 19.69, 0],
		[125, "H1_1", 130.04, 263.66, "T", "DIP", "GND", "GND", "C", 31.5, 31.5, 19.69, 0],
		[126, "H1_1", 130.04, 263.66, "B", "DIP", "GND", "GND", "C", 31.5, 31.5, 19.69, 0],
		[127, "H1_1", 130.04, 130.04, "T", "DIP", "GND", "GND", "C", 31.5, 31.5, 19.69, 0],
		[128, "H1_1", 130.04, 130.04, "B", "DIP", "GND", "GND", "C", 31.5, 31.5, 19.69, 0],
		[129, "H1_1", 196.85, 291.34, "T", "DIP", "GND", "GND", "C", 31.5, 31.5, 19.69, 0],
		[130, "H1_1", 196.85, 291.34, "B", "DIP", "GND", "GND", "C", 31.5, 31.5, 19.69, 0],
		[131, "H1_1", 196.85, 196.85, "T", "DIP", "GND", "GND", "C", 251.97, 251.97, 125.98, 0],
		[132, "H1_1", 196.85, 196.85, "B", "DIP", "GND", "GND", "C", 251.97, 251.97, 125.98, 0],
		[133, "H1_1", 196.85, 102.36, "T", "DIP", "GND", "GND", "C", 31.5, 31.5, 19.69, 0],
		[134, "H1_1", 196.85, 102.36, "B", "DIP", "GND", "GND", "C", 31.5, 31.5, 19.69, 0],
		[135, "H1_1", 263.66, 263.66, "T", "DIP", "GND", "GND", "C", 31.5, 31.5, 19.69, 0],
		[136, "H1_1", 263.66, 263.66, "B", "DIP", "GND", "GND", "C", 31.5, 31.5, 19.69, 0],
		[137, "H1_1", 263.66, 130.04, "T", "DIP", "GND", "GND", "C", 31.5, 31.5, 19.69, 0],
		[138, "H1_1", 263.66, 130.04, "B", "DIP", "GND", "GND", "C", 31.5, 31.5, 19.69, 0],
		[139, "H1_1", 291.34, 196.85, "T", "DIP", "GND", "GND", "C", 31.5, 31.5, 19.69, 0],
		[140, "H1_1", 291.34, 196.85, "B", "DIP", "GND", "GND", "C", 31.5, 31.5, 19.69, 0],
		[141, "H2_1", 102.36, 1771.65, "T", "DIP", "GND", "GND", "C", 31.5, 31.5, 19.69, 0],
		[142, "H2_1", 102.36, 1771.65, "B", "DIP", "GND", "GND", "C", 31.5, 31.5, 19.69, 0],
		[143, "H2_1", 130.04, 1838.47, "T", "DIP", "GND", "GND", "C", 31.5, 31.5, 19.69, 0],
		[144, "H2_1", 130.04, 1838.47, "B", "DIP", "GND", "GND", "C", 31.5, 31.5, 19.69, 0],
		[145, "H2_1", 130.04, 1704.84, "T", "DIP", "GND", "GND", "C", 31.5, 31.5, 19.69, 0],
		[146, "H2_1", 130.04, 1704.84, "B", "DIP", "GND", "GND", "C", 31.5, 31.5, 19.69, 0],
		[147, "H2_1", 196.85, 1866.14, "T", "DIP", "GND", "GND", "C", 31.5, 31.5, 19.69, 0],
		[148, "H2_1", 196.85, 1866.14, "B", "DIP", "GND", "GND", "C", 31.5, 31.5, 19.69, 0],
		[149, "H2_1", 196.85, 1771.65, "T", "DIP", "GND", "GND", "C", 251.97, 251.97, 125.98, 0],
		[150, "H2_1", 196.85, 1771.65, "B", "DIP", "GND", "GND", "C", 251.97, 251.97, 125.98, 0],
		[151, "H2_1", 196.85, 1677.17, "T", "DIP", "GND", "GND", "C", 31.5, 31.5, 19.69, 0],
		[152, "H2_1", 196.85, 1677.17, "B", "DIP", "GND", "GND", "C", 31.5, 31.5, 19.69, 0],
		[153, "H2_1", 263.66, 1838.47, "T", "DIP", "GND", "GND", "C", 31.5, 31.5, 19.69, 0],
		[154, "H2_1", 263.66, 1838.47, "B", "DIP", "GND", "GND", "C", 31.5, 31.5, 19.69, 0],
		[155, "H2_1", 263.66, 1704.84, "T", "DIP", "GND", "GND", "C", 31.5, 31.5, 19.69, 0],
		[156, "H2_1", 263.66, 1704.84, "B", "DIP", "GND", "GND", "C", 31.5, 31.5, 19.69, 0],
		[157, "H2_1", 291.34, 1771.65, "T", "DIP", "GND", "GND", "C", 31.5, 31.5, 19.69, 0],
		[158, "H2_1", 291.34, 1771.65, "B", "DIP", "GND", "GND", "C", 31.5, 31.5, 19.69, 0],
		[159, "H3_1", 3645.67, 1771.65, "T", "DIP", "GND", "GND", "C", 31.5, 31.5, 19.69, 0],
		[160, "H3_1", 3645.67, 1771.65, "B", "DIP", "GND", "GND", "C", 31.5, 31.5, 19.69, 0],
		[161, "H3_1", 3673.34, 1838.47, "T", "DIP", "GND", "GND", "C", 31.5, 31.5, 19.69, 0],
		[162, "H3_1", 3673.34, 1838.47, "B", "DIP", "GND", "GND", "C", 31.5, 31.5, 19.69, 0],
		[163, "H3_1", 3673.34, 1704.84, "T", "DIP", "GND", "GND", "C", 31.5, 31.5, 19.69, 0],
		[164, "H3_1", 3673.34, 1704.84, "B", "DIP", "GND", "GND", "C", 31.5, 31.5, 19.69, 0],
		[165, "H3_1", 3740.16, 1866.14, "T", "DIP", "GND", "GND", "C", 31.5, 31.5, 19.69, 0],
		[166, "H3_1", 3740.16, 1866.14, "B", "DIP", "GND", "GND", "C", 31.5, 31.5, 19.69, 0],
		[167, "H3_1", 3740.16, 1771.65, "T", "DIP", "GND", "GND", "C", 251.97, 251.97, 125.98, 0],
		[168, "H3_1", 3740.16, 1771.65, "B", "DIP", "GND", "GND", "C", 251.97, 251.97, 125.98, 0],
		[169, "H3_1", 3740.16, 1677.17, "T", "DIP", "GND", "GND", "C", 31.5, 31.5, 19.69, 0],
		[170, "H3_1", 3740.16, 1677.17, "B", "DIP", "GND", "GND", "C", 31.5, 31.5, 19.69, 0],
		[171, "H3_1", 3806.97, 1838.47, "T", "DIP", "GND", "GND", "C", 31.5, 31.5, 19.69, 0],
		[172, "H3_1", 3806.97, 1838.47, "B", "DIP", "GND", "GND", "C", 31.5, 31.5, 19.69, 0],
		[173, "H3_1", 3806.97, 1704.84, "T", "DIP", "GND", "GND", "C", 31.5, 31.5, 19.69, 0],
		[174, "H3_1", 3806.97, 1704.84, "B", "DIP", "GND", "GND", "C", 31.5, 31.5, 19.69, 0],
		[175, "H3_1", 3834.65, 1771.65, "T", "DIP", "GND", "GND", "C", 31.5, 31.5, 19.69, 0],
		[176, "H3_1", 3834.65, 1771.65, "B", "DIP", "GND", "GND", "C", 31.5, 31.5, 19.69, 0],
		[177, "H4_1", 3645.67, 196.85, "T", "DIP", "GND", "GND", "C", 31.5, 31.5, 19.69, 0],
		[178, "H4_1", 3645.67, 196.85, "B", "DIP", "GND", "GND", "C", 31.5, 31.5, 19.69, 0],
		[179, "H4_1", 3673.34, 263.66, "T", "DIP", "GND", "GND", "C", 31.5, 31.5, 19.69, 0],
		[180, "H4_1", 3673.34, 263.66, "B", "DIP", "GND", "GND", "C", 31.5, 31.5, 19.69, 0],
		[181, "H4_1", 3673.34, 130.04, "T", "DIP", "GND", "GND", "C", 31.5, 31.5, 19.69, 0],
		[182, "H4_1", 3673.34, 130.04, "B", "DIP", "GND", "GND", "C", 31.5, 31.5, 19.69, 0],
		[183, "H4_1", 3740.16, 291.34, "T", "DIP", "GND", "GND", "C", 31.5, 31.5, 19.69, 0],
		[184, "H4_1", 3740.16, 291.34, "B", "DIP", "GND", "GND", "C", 31.5, 31.5, 19.69, 0],
		[185, "H4_1", 3740.16, 196.85, "T", "DIP", "GND", "GND", "C", 251.97, 251.97, 125.98, 0],
		[186, "H4_1", 3740.16, 196.85, "B", "DIP", "GND", "GND", "C", 251.97, 251.97, 125.98, 0],
		[187, "H4_1", 3740.16, 102.36, "T", "DIP", "GND", "GND", "C", 31.5, 31.5, 19.69, 0],
		[188, "H4_1", 3740.16, 102.36, "B", "DIP", "GND", "GND", "C", 31.5, 31.5, 19.69, 0],
		[189, "H4_1", 3806.97, 263.66, "T", "DIP", "GND", "GND", "C", 31.5, 31.5, 19.69, 0],
		[190, "H4_1", 3806.97, 263.66, "B", "DIP", "GND", "GND", "C", 31.5, 31.5, 19.69, 0],
		[191, "H4_1", 3806.97, 130.04, "T", "DIP", "GND", "GND", "C", 31.5, 31.5, 19.69, 0],
		[192, "H4_1", 3806.97, 130.04, "B", "DIP", "GND", "GND", "C", 31.5, 31.5, 19.69, 0],
		[193, "H4_1", 3834.65, 196.85, "T", "DIP", "GND", "GND", "C", 31.5, 31.5, 19.69, 0],
		[194, "H4_1", 3834.65, 196.85, "B", "DIP", "GND", "GND", "C", 31.5, 31.5, 19.69, 0],
		[195, "H6_1", 2640, 490, "T", "DIP", "GND", "GND", "R", 66.93, 66.93, 43.31, 90],
		[196, "H6_1", 2640, 490, "B", "DIP", "GND", "GND", "R", 66.93, 66.93, 43.31, 90],
		[197, "H6_2", 2640, 590, "T", "DIP", "3.3_SENSOR", "", "C", 66.93, 66.93, 43.31, 90],
		[198, "H6_2", 2640, 590, "B", "DIP", "3.3_SENSOR", "", "C", 66.93, 66.93, 43.31, 90],
		[199, "H6_3", 2640, 690, "T", "DIP", "SDA", "", "C", 66.93, 66.93, 43.31, 90],
		[200, "H6_3", 2640, 690, "B", "DIP", "SDA", "", "C", 66.93, 66.93, 43.31, 90],
		[201, "H6_4", 2640, 790, "T", "DIP", "SCL", "", "C", 66.93, 66.93, 43.31, 90],
		[202, "H6_4", 2640, 790, "B", "DIP", "SCL", "", "C", 66.93, 66.93, 43.31, 90],
		[203, "H7_1", 2515, 490, "T", "DIP", "GND", "GND", "R", 66.93, 66.93, 43.31, 90],
		[204, "H7_1", 2515, 490, "B", "DIP", "GND", "GND", "R", 66.93, 66.93, 43.31, 90],
		[205, "H7_2", 2515, 590, "T", "DIP", "3.3_SENSOR", "", "C", 66.93, 66.93, 43.31, 90],
		[206, "H7_2", 2515, 590, "B", "DIP", "3.3_SENSOR", "", "C", 66.93, 66.93, 43.31, 90],
		[207, "H7_3", 2515, 690, "T", "DIP", "SDA", "", "C", 66.93, 66.93, 43.31, 90],
		[208, "H7_3", 2515, 690, "B", "DIP", "SDA", "", "C", 66.93, 66.93, 43.31, 90],
		[209, "H7_4", 2515, 790, "T", "DIP", "SCL", "", "C", 66.93, 66.93, 43.31, 90],
		[210, "H7_4", 2515, 790, "B", "DIP", "SCL", "", "C", 66.93, 66.93, 43.31, 90],
		[211, "H8_1", 2025, 275, "T", "DIP", "GND", "GND", "R", 66.93, 66.93, 43.31, 0],
		[212, "H8_1", 2025, 275, "B", "DIP", "GND", "GND", "R", 66.93, 66.93, 43.31, 0],
		[213, "H8_2", 2125, 275, "T", "DIP", "3.3_SENSOR", "", "C", 66.93, 66.93, 43.31, 0],
		[214, "H8_2", 2125, 275, "B", "DIP", "3.3_SENSOR", "", "C", 66.93, 66.93, 43.31, 0],
		[215, "H8_3", 2225, 275, "T", "DIP", "IO35", "", "C", 66.93, 66.93, 43.31, 0],
		[216, "H8_3", 2225, 275, "B", "DIP", "IO35", "", "C", 66.93, 66.93, 43.31, 0],
		[217, "H9_1", 2300, 630, "T", "DIP", "3.3_SENSOR", "", "R", 59.05, 59.05, 39.37, 180],
		[218, "H9_1", 2300, 630, "B", "DIP", "3.3_SENSOR", "", "R", 59.05, 59.05, 39.37, 180],
		[219, "H9_2", 2200, 630, "T", "DIP", "RFID_RST", "", "C", 59.05, 59.05, 39.37, 180],
		[220, "H9_2", 2200, 630, "B", "DIP", "RFID_RST", "", "C", 59.05, 59.05, 39.37, 180],
		[221, "H9_3", 2100, 630, "T", "DIP", "GND", "GND", "C", 59.05, 59.05, 39.37, 180],
		[222, "H9_3", 2100, 630, "B", "DIP", "GND", "GND", "C", 59.05, 59.05, 39.37, 180],
		[223, "H9_4", 2000, 630, "T", "DIP", "H9_4", "", "C", 59.05, 59.05, 39.37, 180],
		[224, "H9_4", 2000, 630, "B", "DIP", "H9_4", "", "C", 59.05, 59.05, 39.37, 180],
		[225, "H9_5", 1900, 630, "T", "DIP", "MISO", "", "C", 59.05, 59.05, 39.37, 180],
		[226, "H9_5", 1900, 630, "B", "DIP", "MISO", "", "C", 59.05, 59.05, 39.37, 180],
		[227, "H9_6", 1800, 630, "T", "DIP", "MOSI", "", "C", 59.05, 59.05, 39.37, 180],
		[228, "H9_6", 1800, 630, "B", "DIP", "MOSI", "", "C", 59.05, 59.05, 39.37, 180],
		[229, "H9_7", 1700, 630, "T", "DIP", "SCK", "", "C", 59.05, 59.05, 39.37, 180],
		[230, "H9_7", 1700, 630, "B", "DIP", "SCK", "", "C", 59.05, 59.05, 39.37, 180],
		[231, "H9_8", 1600, 630, "T", "DIP", "RFID0_SS", "", "C", 59.05, 59.05, 39.37, 180],
		[232, "H9_8", 1600, 630, "B", "DIP", "RFID0_SS", "", "C", 59.05, 59.05, 39.37, 180],
		[233, "H10_1", 2300, 750, "T", "DIP", "3.3_SENSOR", "", "R", 59.05, 59.05, 39.37, 180],
		[234, "H10_1", 2300, 750, "B", "DIP", "3.3_SENSOR", "", "R", 59.05, 59.05, 39.37, 180],
		[235, "H10_2", 2200, 750, "T", "DIP", "RFID_RST", "", "C", 59.05, 59.05, 39.37, 180],
		[236, "H10_2", 2200, 750, "B", "DIP", "RFID_RST", "", "C", 59.05, 59.05, 39.37, 180],
		[237, "H10_3", 2100, 750, "T", "DIP", "GND", "GND", "C", 59.05, 59.05, 39.37, 180],
		[238, "H10_3", 2100, 750, "B", "DIP", "GND", "GND", "C", 59.05, 59.05, 39.37, 180],
		[239, "H10_4", 2000, 750, "T", "DIP", "H10_4", "", "C", 59.05, 59.05, 39.37, 180],
		[240, "H10_4", 2000, 750, "B", "DIP", "H10_4", "", "C", 59.05, 59.05, 39.37, 180],
		[241, "H10_5", 1900, 750, "T", "DIP", "MISO", "", "C", 59.05, 59.05, 39.37, 180],
		[242, "H10_5", 1900, 750, "B", "DIP", "MISO", "", "C", 59.05, 59.05, 39.37, 180],
		[243, "H10_6", 1800, 750, "T", "DIP", "MOSI", "", "C", 59.05, 59.05, 39.37, 180],
		[244, "H10_6", 1800, 750, "B", "DIP", "MOSI", "", "C", 59.05, 59.05, 39.37, 180],
		[245, "H10_7", 1700, 750, "T", "DIP", "SCK", "", "C", 59.05, 59.05, 39.37, 180],
		[246, "H10_7", 1700, 750, "B", "DIP", "SCK", "", "C", 59.05, 59.05, 39.37, 180],
		[247, "H10_8", 1600, 750, "T", "DIP", "RFID1_SS", "", "C", 59.05, 59.05, 39.37, 180],
		[248, "H10_8", 1600, 750, "B", "DIP", "RFID1_SS", "", "C", 59.05, 59.05, 39.37, 180],
		[249, "H11_1", 1820, 275, "T", "DIP", "3.3_SENSOR", "", "R", 66.93, 66.93, 43.31, 180],
		[250, "H11_1", 1820, 275, "B", "DIP", "3.3_SENSOR", "", "R", 66.93, 66.93, 43.31, 180],
		[251, "H11_2", 1720, 275, "T", "DIP", "GND", "GND", "C", 66.93, 66.93, 43.31, 180],
		[252, "H11_2", 1720, 275, "B", "DIP", "GND", "GND", "C", 66.93, 66.93, 43.31, 180],
		[253, "H11_3", 1620, 275, "T", "DIP", "AUX_CAN_CS", "", "C", 66.93, 66.93, 43.31, 180],
		[254, "H11_3", 1620, 275, "B", "DIP", "AUX_CAN_CS", "", "C", 66.93, 66.93, 43.31, 180],
		[255, "H11_4", 1520, 275, "T", "DIP", "MISO", "", "C", 66.93, 66.93, 43.31, 180],
		[256, "H11_4", 1520, 275, "B", "DIP", "MISO", "", "C", 66.93, 66.93, 43.31, 180],
		[257, "H11_5", 1420, 275, "T", "DIP", "MOSI", "", "C", 66.93, 66.93, 43.31, 180],
		[258, "H11_5", 1420, 275, "B", "DIP", "MOSI", "", "C", 66.93, 66.93, 43.31, 180],
		[259, "H11_6", 1320, 275, "T", "DIP", "SCK", "", "C", 66.93, 66.93, 43.31, 180],
		[260, "H11_6", 1320, 275, "B", "DIP", "SCK", "", "C", 66.93, 66.93, 43.31, 180],
		[261, "H11_7", 1220, 275, "T", "DIP", "AUX_CAN_INT", "", "C", 66.93, 66.93, 43.31, 180],
		[262, "H11_7", 1220, 275, "B", "DIP", "AUX_CAN_INT", "", "C", 66.93, 66.93, 43.31, 180],
		[263, "H12_1", 1560, 165, "T", "DIP", "3V3", "", "R", 59.05, 59.05, 40.16, 180],
		[264, "H12_1", 1560, 165, "B", "DIP", "3V3", "", "R", 59.05, 59.05, 40.16, 180],
		[265, "H12_2", 1560, 65, "T", "DIP", "EN", "", "C", 59.05, 59.05, 40.16, 180],
		[266, "H12_2", 1560, 65, "B", "DIP", "EN", "", "C", 59.05, 59.05, 40.16, 180],
		[267, "H12_3", 1460, 165, "T", "DIP", "GND", "GND", "C", 59.05, 59.05, 40.16, 180],
		[268, "H12_3", 1460, 165, "B", "DIP", "GND", "GND", "C", 59.05, 59.05, 40.16, 180],
		[269, "H12_4", 1460, 65, "T", "DIP", "IO0", "", "C", 59.05, 59.05, 40.16, 180],
		[270, "H12_4", 1460, 65, "B", "DIP", "IO0", "", "C", 59.05, 59.05, 40.16, 180],
		[271, "H13_1", 1320, 65, "T", "DIP", "RTS", "", "R", 59.05, 59.05, 40.16, 90],
		[272, "H13_1", 1320, 65, "B", "DIP", "RTS", "", "R", 59.05, 59.05, 40.16, 90],
		[273, "H13_2", 1220, 65, "T", "DIP", "DTR", "", "C", 59.05, 59.05, 40.16, 90],
		[274, "H13_2", 1220, 65, "B", "DIP", "DTR", "", "C", 59.05, 59.05, 40.16, 90],
		[275, "H13_3", 1320, 165, "T", "DIP", "TX", "", "C", 59.05, 59.05, 40.16, 90],
		[276, "H13_3", 1320, 165, "B", "DIP", "TX", "", "C", 59.05, 59.05, 40.16, 90],
		[277, "H13_4", 1220, 165, "T", "DIP", "RX", "", "C", 59.05, 59.05, 40.16, 90],
		[278, "H13_4", 1220, 165, "B", "DIP", "RX", "", "C", 59.05, 59.05, 40.16, 90],
		[279, "H14_1", 2825, 165, "T", "DIP", "+5V", "", "R", 66.93, 66.93, 43.31, 180],
		[280, "H14_1", 2825, 165, "B", "DIP", "+5V", "", "R", 66.93, 66.93, 43.31, 180],
		[281, "H14_2", 2825, 65, "T", "DIP", "3V3", "", "C", 66.93, 66.93, 43.31, 180],
		[282, "H14_2", 2825, 65, "B", "DIP", "3V3", "", "C", 66.93, 66.93, 43.31, 180],
		[283, "H14_3", 2725, 165, "T", "DIP", "GND", "GND", "C", 66.93, 66.93, 43.31, 180],
		[284, "H14_3", 2725, 165, "B", "DIP", "GND", "GND", "C", 66.93, 66.93, 43.31, 180],
		[285, "H14_4", 2725, 65, "T", "DIP", "GND", "GND", "C", 66.93, 66.93, 43.31, 180],
		[286, "H14_4", 2725, 65, "B", "DIP", "GND", "GND", "C", 66.93, 66.93, 43.31, 180],
		[287, "H14_5", 2625, 165, "T", "DIP", "SCL", "", "C", 66.93, 66.93, 43.31, 180],
		[288, "H14_5", 2625, 165, "B", "DIP", "SCL", "", "C", 66.93, 66.93, 43.31, 180],
		[289, "H14_6", 2625, 65, "T", "DIP", "SCK", "", "C", 66.93, 66.93, 43.31, 180],
		[290, "H14_6", 2625, 65, "B", "DIP", "SCK", "", "C", 66.93, 66.93, 43.31, 180],
		[291, "H14_7", 2525, 165, "T", "DIP", "SDA", "", "C", 66.93, 66.93, 43.31, 180],
		[292, "H14_7", 2525, 165, "B", "DIP", "SDA", "", "C", 66.93, 66.93, 43.31, 180],
		[293, "H14_8", 2525, 65, "T", "DIP", "LED_G", "", "C", 66.93, 66.93, 43.31, 180],
		[294, "H14_8", 2525, 65, "B", "DIP", "LED_G", "", "C", 66.93, 66.93, 43.31, 180],
		[295, "H14_9", 2425, 165, "T", "DIP", "LED_R", "", "C", 66.93, 66.93, 43.31, 180],
		[296, "H14_9", 2425, 165, "B", "DIP", "LED_R", "", "C", 66.93, 66.93, 43.31, 180],
		[297, "H14_10", 2425, 65, "T", "DIP", "LED_B", "", "C", 66.93, 66.93, 43.31, 180],
		[298, "H14_10", 2425, 65, "B", "DIP", "LED_B", "", "C", 66.93, 66.93, 43.31, 180],
		[299, "H14_11", 2325, 165, "T", "DIP", "SW", "", "C", 66.93, 66.93, 43.31, 180],
		[300, "H14_11", 2325, 165, "B", "DIP", "SW", "", "C", 66.93, 66.93, 43.31, 180],
		[301, "H14_12", 2325, 65, "T", "DIP", "RELAY", "", "C", 66.93, 66.93, 43.31, 180],
		[302, "H14_12", 2325, 65, "B", "DIP", "RELAY", "", "C", 66.93, 66.93, 43.31, 180],
		[303, "H14_13", 2225, 165, "T", "DIP", "IO35", "", "C", 66.93, 66.93, 43.31, 180],
		[304, "H14_13", 2225, 165, "B", "DIP", "IO35", "", "C", 66.93, 66.93, 43.31, 180],
		[305, "H14_14", 2225, 65, "T", "DIP", "IO16", "", "C", 66.93, 66.93, 43.31, 180],
		[306, "H14_14", 2225, 65, "B", "DIP", "IO16", "", "C", 66.93, 66.93, 43.31, 180],
		[307, "H14_15", 2125, 165, "T", "DIP", "RFID1_SS", "", "C", 66.93, 66.93, 43.31, 180],
		[308, "H14_15", 2125, 165, "B", "DIP", "RFID1_SS", "", "C", 66.93, 66.93, 43.31, 180],
		[309, "H14_16", 2125, 65, "T", "DIP", "IO12", "", "C", 66.93, 66.93, 43.31, 180],
		[310, "H14_16", 2125, 65, "B", "DIP", "IO12", "", "C", 66.93, 66.93, 43.31, 180],
		[311, "H14_17", 2025, 165, "T", "DIP", "RFID_RST", "", "C", 66.93, 66.93, 43.31, 180],
		[312, "H14_17", 2025, 165, "B", "DIP", "RFID_RST", "", "C", 66.93, 66.93, 43.31, 180],
		[313, "H14_18", 2025, 65, "T", "DIP", "AUX_CAN_CS", "", "C", 66.93, 66.93, 43.31, 180],
		[314, "H14_18", 2025, 65, "B", "DIP", "AUX_CAN_CS", "", "C", 66.93, 66.93, 43.31, 180],
		[315, "H14_19", 1925, 165, "T", "DIP", "RFID0_SS", "", "C", 66.93, 66.93, 43.31, 180],
		[316, "H14_19", 1925, 165, "B", "DIP", "RFID0_SS", "", "C", 66.93, 66.93, 43.31, 180],
		[317, "H14_20", 1925, 65, "T", "DIP", "AUX_CAN_INT", "", "C", 66.93, 66.93, 43.31, 180],
		[318, "H14_20", 1925, 65, "B", "DIP", "AUX_CAN_INT", "", "C", 66.93, 66.93, 43.31, 180],
		[319, "H14_21", 1825, 165, "T", "DIP", "MISO", "", "C", 66.93, 66.93, 43.31, 180],
		[320, "H14_21", 1825, 165, "B", "DIP", "MISO", "", "C", 66.93, 66.93, 43.31, 180],
		[321, "H14_22", 1825, 65, "T", "DIP", "MOSI", "", "C", 66.93, 66.93, 43.31, 180],
		[322, "H14_22", 1825, 65, "B", "DIP", "MOSI", "", "C", 66.93, 66.93, 43.31, 180],
		[323, "H14_23", 1725, 165, "T", "DIP", "CAN_TX", "", "C", 66.93, 66.93, 43.31, 180],
		[324, "H14_23", 1725, 165, "B", "DIP", "CAN_TX", "", "C", 66.93, 66.93, 43.31, 180],
		[325, "H14_24", 1725, 65, "T", "DIP", "CAN_RX", "", "C", 66.93, 66.93, 43.31, 180],
		[326, "H14_24", 1725, 65, "B", "DIP", "CAN_RX", "", "C", 66.93, 66.93, 43.31, 180],
		[327, "H15_1", 1925, 275, "T", "DIP", "IO2", "", "R", 66.93, 66.93, 43.31, 0],
		[328, "H15_1", 1925, 275, "B", "DIP", "IO2", "", "R", 66.93, 66.93, 43.31, 0],
		[329, "H16_1", 80, 440, "T", "DIP", "GND", "GND", "R", 66.93, 66.93, 43.31, 0],
		[330, "H16_1", 80, 440, "B", "DIP", "GND", "GND", "R", 66.93, 66.93, 43.31, 0],
		[331, "H16_2", 180, 440, "T", "DIP", "DP", "", "C", 66.93, 66.93, 43.31, 0],
		[332, "H16_2", 180, 440, "B", "DIP", "DP", "", "C", 66.93, 66.93, 43.31, 0],
		[333, "H16_3", 280, 440, "T", "DIP", "DN", "", "C", 66.93, 66.93, 43.31, 0],
		[334, "H16_3", 280, 440, "B", "DIP", "DN", "", "C", 66.93, 66.93, 43.31, 0],
		[335, "H16_4", 380, 440, "T", "DIP", "USB5V", "", "C", 66.93, 66.93, 43.31, 0],
		[336, "H16_4", 380, 440, "B", "DIP", "USB5V", "", "C", 66.93, 66.93, 43.31, 0],
		[337, "K1_1", 3080, 1375, "T", "DIP", "$1N9535", "", "C", 118.11, 118.11, 51.18, 0],
		[338, "K1_1", 3080, 1375, "B", "DIP", "$1N9535", "", "C", 118.11, 118.11, 51.18, 0],
		[339, "K1_2", 2841.81, 1298.23, "T", "DIP", "$1N9240", "", "C", 98.43, 98.43, 39.37, 0],
		[340, "K1_2", 2841.81, 1298.23, "B", "DIP", "$1N9240", "", "C", 98.43, 98.43, 39.37, 0],
		[341, "K1_3", 2841.81, 817.91, "T", "DIP", "$1N9540", "", "C", 118.11, 118.11, 51.18, 0],
		[342, "K1_3", 2841.81, 817.91, "B", "DIP", "$1N9540", "", "C", 118.11, 118.11, 51.18, 0],
		[343, "K1_4", 3316.22, 815.94, "T", "DIP", "$1N9531", "", "C", 118.11, 118.11, 51.18, 0],
		[344, "K1_4", 3316.22, 815.94, "B", "DIP", "$1N9531", "", "C", 118.11, 118.11, 51.18, 0],
		[345, "K1_5", 3314.25, 1298.23, "T", "DIP", "+5V", "", "C", 98.43, 98.43, 39.37, 0],
		[346, "K1_5", 3314.25, 1298.23, "B", "DIP", "+5V", "", "C", 98.43, 98.43, 39.37, 0],
		[347, "L12_1", 825, 1420.71, "T", "SMD", "$1N13650", "", "R", 74.8, 98.42, 0, 270],
		[348, "L12_2", 825, 1259.29, "T", "SMD", "$1N13751", "", "R", 74.8, 98.42, 0, 270],
		[349, "LED1_1", 3419.06, 1886.91, "T", "SMD", "3V3", "", "R", 89.17, 39.37, 0, 270],
		[350, "LED1_2", 3360, 1886.91, "T", "SMD", "3V3", "", "R", 89.17, 39.37, 0, 270],
		[351, "LED1_3", 3300.94, 1886.91, "T", "SMD", "3V3", "", "R", 89.17, 39.37, 0, 270],
		[352, "LED1_4", 3300.94, 1713.09, "T", "SMD", "$1N5096", "", "R", 89.17, 39.37, 0, 270],
		[353, "LED1_5", 3360, 1713.09, "T", "SMD", "$1N5100", "", "R", 89.17, 39.37, 0, 270],
		[354, "LED1_6", 3419.06, 1713.09, "T", "SMD", "$1N5105", "", "R", 89.17, 39.37, 0, 270],
		[355, "LED%25E7%2599%25BD_1", 3004.8, 1697.91, "T", "SMD", "GND", "GND", "R", 31.5, 31.5, 0, 0],
		[356, "LED%25E7%2599%25BD_2", 3004.8, 1630.91, "T", "SMD", "$1N2492", "", "R", 31.5, 31.5, 0, 0],
		[357, "LED%25E7%25BA%25A2_1", 2925, 1631.5, "T", "SMD", "$1N11549", "", "R", 31.5, 31.5, 0, 0],
		[358, "LED%25E7%25BA%25A2_2", 2925, 1698.5, "T", "SMD", "GND", "GND", "R", 31.5, 31.5, 0, 0],
		[359, "LED%25E7%25BB%25BF_1", 3088.03, 1695.86, "T", "SMD", "GND", "GND", "R", 31.5, 31.5, 0, 0],
		[360, "LED%25E7%25BB%25BF_2", 3088.03, 1628.86, "T", "SMD", "$1N10830", "", "R", 31.5, 31.5, 0, 0],
		[361, "LED%25E8%2593%259D_1", 3171.5, 1628.5, "T", "SMD", "$1N3538", "", "R", 31.5, 31.5, 0, 0],
		[362, "LED%25E8%2593%259D_2", 3171.5, 1695.5, "T", "SMD", "GND", "GND", "R", 31.5, 31.5, 0, 0],
		[363, "Q1_1", 1050.59, 132.4, "T", "SMD", "DTR", "", "R", 16.54, 23.62, 0, 180],
		[364, "Q1_2", 1025, 132.4, "T", "SMD", "RTS", "", "R", 16.54, 23.62, 0, 180],
		[365, "Q1_3", 999.41, 132.4, "T", "SMD", "RTS", "", "R", 16.54, 23.62, 0, 180],
		[366, "Q1_4", 999.41, 57.6, "T", "SMD", "EN", "", "R", 16.54, 23.62, 0, 0],
		[367, "Q1_5", 1025, 57.6, "T", "SMD", "DTR", "", "R", 16.54, 23.62, 0, 0],
		[368, "Q1_6", 1050.59, 57.6, "T", "SMD", "IO0", "", "R", 16.54, 23.62, 0, 0],
		[369, "Q2_1", 2637.6, 1210.63, "T", "SMD", "$1N9454", "", "R", 49.21, 27.56, 0, 270],
		[370, "Q2_2", 2712.4, 1210.63, "T", "SMD", "GND", "GND", "R", 49.21, 27.56, 0, 270],
		[371, "Q2_3", 2675, 1289.37, "T", "SMD", "$1N9240", "", "R", 49.21, 27.56, 0, 270],
		[372, "R1_1", 915, 99.66, "T", "SMD", "$1N379", "", "R", 31.75, 34.02, 0, 270],
		[373, "R1_2", 915, 40.34, "T", "SMD", "GND", "GND", "R", 31.75, 34.02, 0, 270],
		[374, "R2_1", 405, 99.66, "T", "SMD", "$1N383", "", "R", 31.75, 34.02, 0, 270],
		[375, "R2_2", 405, 40.34, "T", "SMD", "GND", "GND", "R", 31.75, 34.02, 0, 270],
		[376, "R4_1", 990, 695.34, "T", "SMD", "$1N8799", "", "R", 31.75, 34.02, 0, 90],
		[377, "R4_2", 990, 754.66, "T", "SMD", "RX", "", "R", 31.75, 34.02, 0, 90],
		[378, "R5_1", 1050, 695.34, "T", "SMD", "$1N8801", "", "R", 31.75, 34.02, 0, 90],
		[379, "R5_2", 1050, 754.66, "T", "SMD", "TX", "", "R", 31.75, 34.02, 0, 90],
		[380, "R7_1", 3005, 1505.34, "T", "SMD", "VDD", "", "R", 31.75, 34.02, 0, 90],
		[381, "R7_2", 3005, 1564.66, "T", "SMD", "$1N2492", "", "R", 31.75, 34.02, 0, 90],
		[382, "R8_1", 3659.66, 940, "T", "SMD", "SW", "", "R", 31.75, 34.02, 0, 180],
		[383, "R8_2", 3600.34, 940, "T", "SMD", "3V3", "", "R", 31.75, 34.02, 0, 180],
		[384, "R9_1", 3659.66, 1285, "T", "SMD", "EN", "", "R", 31.75, 34.02, 0, 180],
		[385, "R9_2", 3600.34, 1285, "T", "SMD", "3V3", "", "R", 31.75, 34.02, 0, 180],
		[386, "R10_1", 3710, 604.66, "T", "SMD", "IO0", "", "R", 31.75, 34.02, 0, 270],
		[387, "R10_2", 3710, 545.34, "T", "SMD", "3V3", "", "R", 31.75, 34.02, 0, 270],
		[388, "R11_1", 3170, 1564.66, "T", "SMD", "$1N3538", "", "R", 31.75, 34.02, 0, 270],
		[389, "R11_2", 3170, 1505.34, "T", "SMD", "3V3", "", "R", 31.75, 34.02, 0, 270],
		[390, "R12_1", 3245, 1505.34, "T", "SMD", "LED_R", "", "R", 31.75, 34.02, 0, 90],
		[391, "R12_2", 3245, 1564.66, "T", "SMD", "$1N5096", "", "R", 31.75, 34.02, 0, 90],
		[392, "R13_1", 3315, 1505.34, "T", "SMD", "LED_G", "", "R", 31.75, 34.02, 0, 90],
		[393, "R13_2", 3315, 1564.66, "T", "SMD", "$1N5100", "", "R", 31.75, 34.02, 0, 90],
		[394, "R14_1", 3385, 1505.34, "T", "SMD", "LED_B", "", "R", 31.75, 34.02, 0, 90],
		[395, "R14_2", 3385, 1564.66, "T", "SMD", "$1N5105", "", "R", 31.75, 34.02, 0, 90],
		[396, "R15_1", 1055, 924.66, "T", "SMD", "$1N6214", "", "R", 31.75, 34.02, 0, 270],
		[397, "R15_2", 1055, 865.34, "T", "SMD", "GND", "GND", "R", 31.75, 34.02, 0, 270],
		[398, "R16_1", 985, 865.34, "T", "SMD", "$1N6447", "", "R", 31.75, 34.02, 0, 90],
		[399, "R16_2", 985, 924.66, "T", "SMD", "CAN_L", "", "R", 31.75, 34.02, 0, 90],
		[400, "R17_1", 1035, 310.34, "T", "SMD", "VDD", "", "R", 31.75, 34.02, 0, 90],
		[401, "R17_2", 1035, 369.66, "T", "SMD", "$1N8937", "", "R", 31.75, 34.02, 0, 90],
		[402, "R18_1", 2845, 1505.34, "T", "SMD", "+5V", "", "R", 31.75, 34.02, 0, 90],
		[403, "R18_2", 2845, 1564.66, "T", "SMD", "$1N9236", "", "R", 31.75, 34.02, 0, 90],
		[404, "R19_1", 2710, 1139.66, "T", "SMD", "$1N9454", "", "R", 31.75, 34.02, 0, 270],
		[405, "R19_2", 2710, 1080.34, "T", "SMD", "GND", "GND", "R", 31.75, 34.02, 0, 270],
		[406, "R20_1", 2640, 1080.34, "T", "SMD", "RELAY", "", "R", 31.75, 34.02, 0, 90],
		[407, "R20_2", 2640, 1139.66, "T", "SMD", "$1N9454", "", "R", 31.75, 34.02, 0, 90],
		[408, "R21_1", 2515, 954.66, "T", "SMD", "3.3_SENSOR", "", "R", 31.75, 34.02, 0, 270],
		[409, "R21_2", 2515, 895.34, "T", "SMD", "SCL", "", "R", 31.75, 34.02, 0, 270],
		[410, "R22_1", 2640, 954.66, "T", "SMD", "3.3_SENSOR", "", "R", 31.75, 34.02, 0, 270],
		[411, "R22_2", 2640, 895.34, "T", "SMD", "SDA", "", "R", 31.75, 34.02, 0, 270],
		[412, "R23_1", 3090, 1564.66, "T", "SMD", "$1N10830", "", "R", 31.75, 34.02, 0, 270],
		[413, "R23_2", 3090, 1505.34, "T", "SMD", "3.3_SENSOR", "", "R", 31.75, 34.02, 0, 270],
		[414, "R24_1", 2925, 1564.66, "T", "SMD", "$1N11549", "", "R", 31.75, 34.02, 0, 270],
		[415, "R24_2", 2925, 1505.34, "T", "SMD", "3V3_POWER", "", "R", 31.75, 34.02, 0, 270],
		[416, "R25_1", 1440.34, 1555, "T", "SMD", "3V3_POWER", "", "R", 31.75, 34.02, 0, 0],
		[417, "R25_2", 1499.66, 1555, "T", "SMD", "EN", "", "R", 31.75, 34.02, 0, 0],
		[418, "R28_1", 1105, 1809.66, "T", "SMD", "FB", "", "R", 31.75, 34.02, 0, 270],
		[419, "R28_2", 1105, 1750.34, "T", "SMD", "$1N13751", "", "R", 31.75, 34.02, 0, 270],
		[420, "R29_1", 1105, 1870.34, "T", "SMD", "FB", "", "R", 31.75, 34.02, 0, 90],
		[421, "R29_2", 1105, 1929.66, "T", "SMD", "GND", "GND", "R", 31.75, 34.02, 0, 90],
		[422, "SW1_1", 3520.87, 1198.59, "T", "SMD", "GND", "GND", "R", 90.55, 59.05, 0, 0],
		[423, "SW1_2", 3879.13, 1198.58, "T", "SMD", "GND", "GND", "R", 90.55, 59.05, 0, 0],
		[424, "SW1_3", 3520.87, 1021.42, "T", "SMD", "SW", "", "R", 90.55, 59.05, 0, 0],
		[425, "SW1_4", 3879.13, 1021.42, "T", "SMD", "SW", "", "R", 90.55, 59.05, 0, 0],
		[426, "SW2_1", 3515.87, 1548.59, "T", "SMD", "GND", "GND", "R", 90.55, 59.05, 0, 0],
		[427, "SW2_2", 3874.13, 1548.57, "T", "SMD", "GND", "GND", "R", 90.55, 59.05, 0, 0],
		[428, "SW2_3", 3515.87, 1371.41, "T", "SMD", "EN", "", "R", 90.55, 59.05, 0, 0],
		[429, "SW2_4", 3874.13, 1371.41, "T", "SMD", "EN", "", "R", 90.55, 59.05, 0, 0],
		[430, "SW3_1", 3520.87, 858.58, "T", "SMD", "GND", "GND", "R", 90.55, 59.05, 0, 0],
		[431, "SW3_2", 3879.13, 858.58, "T", "SMD", "GND", "GND", "R", 90.55, 59.05, 0, 0],
		[432, "SW3_3", 3520.87, 681.42, "T", "SMD", "IO0", "", "R", 90.55, 59.05, 0, 0],
		[433, "SW3_4", 3879.13, 681.42, "T", "SMD", "IO0", "", "R", 90.55, 59.05, 0, 0],
		[434, "U31_1", 3796.69, 477.4, "T", "SMD", "+5V", "", "R", 23.62, 39.37, 0, 270],
		[435, "U31_2", 3796.69, 440, "T", "SMD", "GND", "GND", "R", 23.62, 39.37, 0, 270],
		[436, "U31_3", 3796.69, 402.6, "T", "SMD", "+5V", "", "R", 23.62, 39.37, 0, 270],
		[437, "U31_4", 3883.31, 402.6, "T", "SMD", "U31_4", "", "R", 23.62, 39.37, 0, 270],
		[438, "U31_5", 3883.31, 477.4, "T", "SMD", "3V3", "", "R", 23.62, 39.37, 0, 270],
		[439, "U34_1", 1319.15, 1100, "T", "SMD", "CAN_TX", "", "O", 23.15, 80.51, 0, 90],
		[440, "U34_2", 1319.15, 1150, "T", "SMD", "GND", "GND", "O", 23.15, 80.51, 0, 90],
		[441, "U34_3", 1319.15, 1200, "T", "SMD", "+5V", "", "O", 23.15, 80.51, 0, 90],
		[442, "U34_4", 1319.15, 1250, "T", "SMD", "CAN_RX", "", "O", 23.15, 80.51, 0, 90],
		[443, "U34_5", 1100.85, 1250, "T", "SMD", "3V3", "", "O", 23.15, 80.51, 0, 90],
		[444, "U34_6", 1100.85, 1200, "T", "SMD", "CAN_L", "", "O", 23.15, 80.51, 0, 90],
		[445, "U34_7", 1100.85, 1150, "T", "SMD", "CAN_H", "", "O", 23.15, 80.51, 0, 90],
		[446, "U34_8", 1100.85, 1100, "T", "SMD", "$1N6214", "", "O", 23.15, 80.51, 0, 90],
		[447, "U36_1", 1210, 908.74, "T", "DIP", "CAN_H", "", "O", 62.99, 62.99, 39.37, 90],
		[448, "U36_1", 1210, 908.74, "B", "DIP", "CAN_H", "", "O", 62.99, 62.99, 39.37, 90],
		[449, "U36_2", 1210, 830, "T", "DIP", "$1N6447", "", "O", 62.99, 62.99, 39.37, 90],
		[450, "U36_2", 1210, 830, "B", "DIP", "$1N6447", "", "O", 62.99, 62.99, 39.37, 90],
		[451, "U36_3", 1210, 751.26, "T", "DIP", "U36_3", "", "O", 62.99, 62.99, 39.37, 90],
		[452, "U36_3", 1210, 751.26, "B", "DIP", "U36_3", "", "O", 62.99, 62.99, 39.37, 90],
		[453, "U36_4", 1210, 664.65, "T", "DIP", "GND", "GND", "O", 118.11, 78.74, 70.87, 180],
		[454, "U36_4", 1210, 664.65, "B", "DIP", "GND", "GND", "O", 118.11, 78.74, 70.87, 180],
		[455, "U36_5", 1210, 995.35, "T", "DIP", "GND", "GND", "O", 118.11, 78.74, 70.87, 180],
		[456, "U36_5", 1210, 995.35, "B", "DIP", "GND", "GND", "O", 118.11, 78.74, 70.87, 180],
		[457, "U37_1", 921.26, 554.21, "T", "SMD", "U37_1", "", "O", 11.02, 31.5, 0, 270],
		[458, "U37_2", 921.26, 534.53, "T", "SMD", "GND", "GND", "O", 11.02, 31.5, 0, 270],
		[459, "U37_3", 921.26, 514.84, "T", "SMD", "$1N1016", "", "O", 11.02, 31.5, 0, 270],
		[460, "U37_4", 921.26, 495.16, "T", "SMD", "$1N1005", "", "O", 11.02, 31.5, 0, 270],
		[461, "U37_5", 921.26, 475.47, "T", "SMD", "VDD", "", "O", 11.02, 31.5, 0, 270],
		[462, "U37_6", 921.26, 455.79, "T", "SMD", "VDD", "", "O", 11.02, 31.5, 0, 270],
		[463, "U37_7", 950.79, 426.26, "T", "SMD", "+5V", "", "O", 31.5, 11.02, 0, 270],
		[464, "U37_8", 970.47, 426.26, "T", "SMD", "+5V", "", "O", 31.5, 11.02, 0, 270],
		[465, "U37_9", 990.16, 426.26, "T", "SMD", "$1N8937", "", "O", 31.5, 11.02, 0, 270],
		[466, "U37_10", 1009.84, 426.26, "T", "SMD", "U37_10", "", "O", 31.5, 11.02, 0, 270],
		[467, "U37_11", 1029.53, 426.26, "T", "SMD", "U37_11", "", "O", 31.5, 11.02, 0, 270],
		[468, "U37_12", 1049.21, 426.26, "T", "SMD", "U37_12", "", "O", 31.5, 11.02, 0, 270],
		[469, "U37_13", 1078.74, 455.79, "T", "SMD", "U37_13", "", "O", 11.02, 31.5, 0, 270],
		[470, "U37_14", 1078.74, 475.47, "T", "SMD", "U37_14", "", "O", 11.02, 31.5, 0, 270],
		[471, "U37_15", 1078.74, 495.16, "T", "SMD", "U37_15", "", "O", 11.02, 31.5, 0, 270],
		[472, "U37_16", 1078.74, 514.84, "T", "SMD", "$1N8585", "", "O", 11.02, 31.5, 0, 270],
		[473, "U37_17", 1078.74, 534.53, "T", "SMD", "U37_17", "", "O", 11.02, 31.5, 0, 270],
		[474, "U37_18", 1078.74, 553.9, "T", "SMD", "U37_18", "", "O", 11.02, 31.5, 0, 270],
		[475, "U37_19", 1049.21, 583.74, "T", "SMD", "RTS", "", "O", 31.5, 11.02, 0, 270],
		[476, "U37_20", 1029.53, 583.74, "T", "SMD", "$1N8801", "", "O", 31.5, 11.02, 0, 270],
		[477, "U37_21", 1009.84, 583.74, "T", "SMD", "$1N8799", "", "O", 31.5, 11.02, 0, 270],
		[478, "U37_22", 990.16, 583.74, "T", "SMD", "U37_22", "", "O", 31.5, 11.02, 0, 270],
		[479, "U37_23", 970.47, 583.74, "T", "SMD", "DTR", "", "O", 31.5, 11.02, 0, 270],
		[480, "U37_24", 950.79, 583.74, "T", "SMD", "U37_24", "", "O", 31.5, 11.02, 0, 270],
		[481, "U37_25", 1000, 504.51, "T", "SMD", "GND", "GND", "R", 106.3, 106.3, 0, 270],
		[482, "U38_1", 2846.5, 1698, "T", "SMD", "$1N9240", "", "R", 31.5, 31.5, 0, 0],
		[483, "U38_2", 2846.5, 1631, "T", "SMD", "$1N9236", "", "R", 31.5, 31.5, 0, 0],
		[484, "U39_1", 3177.2, 408.43, "T", "DIP", "$1N9531", "", "C", 74.8, 74.8, 47.24, 0],
		[485, "U39_1", 3177.2, 408.43, "B", "DIP", "$1N9531", "", "C", 74.8, 74.8, 47.24, 0],
		[486, "U39_2", 3177.2, 211.57, "T", "DIP", "$1N9531", "", "C", 74.8, 74.8, 47.24, 0],
		[487, "U39_2", 3177.2, 211.57, "B", "DIP", "$1N9531", "", "C", 74.8, 74.8, 47.24, 0],
		[488, "U39_3", 3314.99, 408.43, "T", "DIP", "$1N9535", "", "C", 74.8, 74.8, 47.24, 0],
		[489, "U39_3", 3314.99, 408.43, "B", "DIP", "$1N9535", "", "C", 74.8, 74.8, 47.24, 0],
		[490, "U39_4", 3314.99, 211.57, "T", "DIP", "$1N9535", "", "C", 74.8, 74.8, 47.24, 0],
		[491, "U39_4", 3314.99, 211.57, "B", "DIP", "$1N9535", "", "C", 74.8, 74.8, 47.24, 0],
		[492, "U39_5", 3452.8, 408.43, "T", "DIP", "$1N9540", "", "C", 74.8, 74.8, 47.24, 0],
		[493, "U39_5", 3452.8, 408.43, "B", "DIP", "$1N9540", "", "C", 74.8, 74.8, 47.24, 0],
		[494, "U39_6", 3452.8, 211.57, "T", "DIP", "$1N9540", "", "C", 74.8, 74.8, 47.24, 0],
		[495, "U39_6", 3452.8, 211.57, "B", "DIP", "$1N9540", "", "C", 74.8, 74.8, 47.24, 0],
		[496, "U40_1", 2542.4, 1369.49, "T", "SMD", "+5V", "", "R", 23.62, 39.37, 0, 180],
		[497, "U40_2", 2505, 1369.49, "T", "SMD", "GND", "GND", "R", 23.62, 39.37, 0, 180],
		[498, "U40_3", 2467.6, 1369.49, "T", "SMD", "+5V", "", "R", 23.62, 39.37, 0, 180],
		[499, "U40_4", 2467.6, 1282.87, "T", "SMD", "U40_4", "", "R", 23.62, 39.37, 0, 180],
		[500, "U40_5", 2542.4, 1282.87, "T", "SMD", "3.3_SENSOR", "", "R", 23.62, 39.37, 0, 180],
		[501, "U41_1", 1614.18, 1674.93, "T", "SMD", "GND", "GND", "R", 37.4, 82.68, 0, 270],
		[502, "U41_2", 1614.18, 1624.93, "T", "SMD", "3V3_POWER", "", "R", 37.4, 82.68, 0, 270],
		[503, "U41_3", 1614.18, 1574.93, "T", "SMD", "EN", "", "R", 37.4, 82.68, 0, 270],
		[504, "U41_4", 1614.18, 1524.93, "T", "SMD", "U41_4", "", "R", 37.4, 82.68, 0, 270],
		[505, "U41_5", 1614.18, 1474.93, "T", "SMD", "U41_5", "", "R", 37.4, 82.68, 0, 270],
		[506, "U41_6", 1614.18, 1424.93, "T", "SMD", "AUX_CAN_INT", "", "R", 37.4, 82.68, 0, 270],
		[507, "U41_7", 1614.18, 1374.93, "T", "SMD", "IO35", "", "R", 37.4, 82.68, 0, 270],
		[508, "U41_8", 1614.18, 1324.93, "T", "SMD", "RFID0_SS", "", "R", 37.4, 82.68, 0, 270],
		[509, "U41_9", 1614.18, 1274.92, "T", "SMD", "RFID1_SS", "", "R", 37.4, 82.68, 0, 270],
		[510, "U41_10", 1614.18, 1224.92, "T", "SMD", "RELAY", "", "R", 37.4, 82.68, 0, 270],
		[511, "U41_11", 1614.18, 1174.92, "T", "SMD", "AUX_CAN_CS", "", "R", 37.4, 82.68, 0, 270],
		[512, "U41_12", 1614.18, 1124.92, "T", "SMD", "RFID_RST", "", "R", 37.4, 82.68, 0, 270],
		[513, "U41_13", 1614.18, 1074.92, "T", "SMD", "LED_B", "", "R", 37.4, 82.68, 0, 270],
		[514, "U41_14", 1614.18, 1024.92, "T", "SMD", "IO12", "", "R", 37.4, 82.68, 0, 270],
		[515, "U41_15", 1743.51, 965.07, "T", "SMD", "GND", "GND", "R", 82.68, 37.4, 0, 270],
		[516, "U41_16", 1793.51, 965.07, "T", "SMD", "LED_R", "", "R", 82.68, 37.4, 0, 270],
		[517, "U41_17", 1843.51, 965.07, "T", "SMD", "U41_17", "", "R", 82.68, 37.4, 0, 270],
		[518, "U41_18", 1893.51, 965.07, "T", "SMD", "U41_18", "", "R", 82.68, 37.4, 0, 270],
		[519, "U41_19", 1943.51, 965.07, "T", "SMD", "U41_19", "", "R", 82.68, 37.4, 0, 270],
		[520, "U41_20", 1993.51, 965.08, "T", "SMD", "U41_20", "", "R", 82.68, 37.4, 0, 270],
		[521, "U41_21", 2043.51, 965.08, "T", "SMD", "U41_21", "", "R", 82.68, 37.4, 0, 270],
		[522, "U41_22", 2093.51, 965.08, "T", "SMD", "U41_22", "", "R", 82.68, 37.4, 0, 270],
		[523, "U41_23", 2143.51, 965.08, "T", "SMD", "LED_G", "", "R", 82.68, 37.4, 0, 270],
		[524, "U41_24", 2193.51, 965.08, "T", "SMD", "IO2", "", "R", 82.68, 37.4, 0, 270],
		[525, "U41_25", 2322.83, 1024.92, "T", "SMD", "IO0", "", "R", 37.4, 82.68, 0, 270],
		[526, "U41_26", 2322.83, 1074.92, "T", "SMD", "CAN_TX", "", "R", 37.4, 82.68, 0, 270],
		[527, "U41_27", 2322.83, 1124.92, "T", "SMD", "IO16", "", "R", 37.4, 82.68, 0, 270],
		[528, "U41_28", 2322.83, 1174.92, "T", "SMD", "SW", "", "R", 37.4, 82.68, 0, 270],
		[529, "U41_29", 2322.83, 1224.92, "T", "SMD", "CAN_RX", "", "R", 37.4, 82.68, 0, 270],
		[530, "U41_30", 2322.83, 1274.92, "T", "SMD", "SCK", "", "R", 37.4, 82.68, 0, 270],
		[531, "U41_31", 2322.83, 1324.92, "T", "SMD", "MISO", "", "R", 37.4, 82.68, 0, 270],
		[532, "U41_32", 2322.83, 1374.92, "T", "SMD", "U41_32", "", "R", 37.4, 82.68, 0, 270],
		[533, "U41_33", 2322.83, 1424.92, "T", "SMD", "SDA", "", "R", 37.4, 82.68, 0, 270],
		[534, "U41_34", 2322.83, 1474.92, "T", "SMD", "TX", "", "R", 37.4, 82.68, 0, 270],
		[535, "U41_35", 2322.83, 1524.92, "T", "SMD", "RX", "", "R", 37.4, 82.68, 0, 270],
		[536, "U41_36", 2322.83, 1574.92, "T", "SMD", "SCL", "", "R", 37.4, 82.68, 0, 270],
		[537, "U41_37", 2322.83, 1624.92, "T", "SMD", "MOSI", "", "R", 37.4, 82.68, 0, 270],
		[538, "U41_38", 2322.83, 1674.92, "T", "SMD", "GND", "GND", "R", 37.4, 82.68, 0, 270],
		[539, "U41_39", 1928.47, 1377.95, "T", "SMD", "GND", "GND", "R", 196.85, 196.85, 0, 0],
		[540, "U42_1", 1252.4, 1863.31, "T", "SMD", "+5V", "", "R", 23.62, 39.37, 0, 180],
		[541, "U42_2", 1215, 1863.31, "T", "SMD", "GND", "GND", "R", 23.62, 39.37, 0, 180],
		[542, "U42_3", 1177.6, 1863.31, "T", "SMD", "+5V", "", "R", 23.62, 39.37, 0, 180],
		[543, "U42_4", 1177.6, 1776.69, "T", "SMD", "U42_4", "", "R", 23.62, 39.37, 0, 180],
		[544, "U42_5", 1252.4, 1776.69, "T", "SMD", "3V3_POWER", "", "R", 23.62, 39.37, 0, 180],
		[545, "U43_1", 1018.11, 1765, "T", "SMD", "$1N13789", "", "O", 23.62, 62.99, 0, 90],
		[546, "U43_2", 1018.11, 1815, "T", "SMD", "U43_2", "", "O", 23.62, 62.99, 0, 90],
		[547, "U43_3", 1018.11, 1865, "T", "SMD", "U43_3", "", "O", 23.62, 62.99, 0, 90],
		[548, "U43_4", 1018.11, 1915, "T", "SMD", "FB", "", "O", 23.62, 62.99, 0, 90],
		[549, "U43_5", 781.89, 1915, "T", "SMD", "U43_5", "", "O", 23.62, 62.99, 0, 90],
		[550, "U43_6", 781.89, 1865, "T", "SMD", "GND", "GND", "O", 23.62, 62.99, 0, 90],
		[551, "U43_7", 781.89, 1815, "T", "SMD", "VCC", "", "O", 23.62, 62.99, 0, 90],
		[552, "U43_8", 781.89, 1765, "T", "SMD", "$1N13650", "", "O", 23.62, 62.99, 0, 90],
		[553, "U43_9", 900, 1840, "T", "SMD", "GND", "GND", "R", 125.98, 98.42, 0, 90],
		[554, "USB1_1", 529.01, 288.5, "T", "SMD", "GND", "GND", "R", 21.65, 43.31, 0, 0],
		[555, "USB1_2", 560.52, 288.5, "T", "SMD", "USB5V", "", "R", 21.65, 43.31, 0, 0],
		[556, "USB1_3", 586.11, 288.5, "T", "SMD", "USB1_3", "", "R", 11.81, 43.31, 0, 0],
		[557, "USB1_4", 605.8, 288.5, "T", "SMD", "$1N383", "", "R", 11.81, 43.31, 0, 0],
		[558, "USB1_5", 625.48, 288.5, "T", "SMD", "DN", "", "R", 11.81, 43.31, 0, 0],
		[559, "USB1_6", 645.15, 288.5, "T", "SMD", "DP", "", "R", 11.81, 43.31, 0, 0],
		[560, "USB1_7", 664.85, 288.5, "T", "SMD", "DN", "", "R", 11.81, 43.31, 0, 0],
		[561, "USB1_8", 684.52, 288.5, "T", "SMD", "DP", "", "R", 11.81, 43.31, 0, 0],
		[562, "USB1_9", 704.21, 288.5, "T", "SMD", "USB1_9", "", "R", 11.81, 43.31, 0, 0],
		[563, "USB1_10", 723.9, 288.5, "T", "SMD", "$1N379", "", "R", 11.81, 43.31, 0, 0],
		[564, "USB1_11", 749.5, 288.5, "T", "SMD", "USB5V", "", "R", 21.65, 43.31, 0, 0],
		[565, "USB1_12", 780.99, 288.5, "T", "SMD", "GND", "GND", "R", 21.65, 43.31, 0, 0],
		[566, "USB1_13", 484.72, 266.86, "T", "DIP", "GND", "GND", "O", 43.31, 78.74, 59.05, 0],
		[567, "USB1_13", 484.72, 266.86, "B", "DIP", "GND", "GND", "O", 43.31, 78.74, 59.05, 0],
		[568, "USB1_13", 484.72, 101.5, "T", "DIP", "GND", "GND", "O", 47.24, 70.87, 47.24, 0],
		[569, "USB1_13", 484.72, 101.5, "B", "DIP", "GND", "GND", "O", 47.24, 70.87, 47.24, 0],
		[570, "USB1_14", 825.28, 266.86, "T", "DIP", "GND", "GND", "O", 43.31, 78.74, 59.06, 0],
		[571, "USB1_14", 825.28, 266.86, "B", "DIP", "GND", "GND", "O", 43.31, 78.74, 59.06, 0],
		[572, "USB1_14", 825.28, 101.5, "T", "DIP", "GND", "GND", "O", 47.24, 70.87, 47.24, 0],
		[573, "USB1_14", 825.28, 101.5, "B", "DIP", "GND", "GND", "O", 47.24, 70.87, 47.24, 0]
	]
}
}